<?xml version="1.0" encoding="UTF-8"?>
<configurationDescriptor version="90">
  <logicalFolder name="root" displayName="root" projectFiles="true" kind="ROOT">
    <logicalFolder name="SourceFiles"
                   displayName="Source Files"
                   projectFiles="true">
      <itemPath>../brewpi_cpp/Main.cpp</itemPath>
    </logicalFolder>
    <logicalFolder name="TestFiles"
                   displayName="Test Files"
                   projectFiles="false"
                   kind="TEST_LOGICAL_FOLDER">
    </logicalFolder>
    <logicalFolder name="ExternalFiles"
                   displayName="Important Files"
                   projectFiles="false"
                   kind="IMPORTANT_FILES_FOLDER">
      <itemPath>Makefile</itemPath>
    </logicalFolder>
  </logicalFolder>
  <projectmakefile>Makefile</projectmakefile>
  <confs>
    <conf name="Debug" type="1">
      <toolsSet>
        <compilerSet>default</compilerSet>
        <dependencyChecking>true</dependencyChecking>
        <rebuildPropChanged>false</rebuildPropChanged>
      </toolsSet>
      <compileType>
        <ccTool>
          <incDir>
            <pElem>../brewpi_cpp</pElem>
            <pElem>../brewpi_avr</pElem>
            <pElem>../brewpi_avr/fallback</pElem>
          </incDir>
        </ccTool>
        <linkerTool>
          <linkerLibItems>
            <linkerLibFileItem>../brewpi_lib/dist/Debug/MinGW-Windows/libbrewpi_lib.a</linkerLibFileItem>
          </linkerLibItems>
          <commandLine>-static-libgcc -static-libstdc++</commandLine>
        </linkerTool>
      </compileType>
      <item path="../brewpi_cpp/Main.cpp" ex="false" tool="1" flavor2="0">
      </item>
    </conf>
    <conf name="Release" type="1">
      <toolsSet>
        <compilerSet>default</compilerSet>
        <dependencyChecking>true</dependencyChecking>
        <rebuildPropChanged>false</rebuildPropChanged>
      </toolsSet>
      <compileType>
        <cTool>
          <developmentMode>5</developmentMode>
        </cTool>
        <ccTool>
          <developmentMode>5</developmentMode>
        </ccTool>
        <fortranCompilerTool>
          <developmentMode>5</developmentMode>
        </fortranCompilerTool>
        <asmTool>
          <developmentMode>5</developmentMode>
        </asmTool>
        <linkerTool>
          <linkerLibItems>
            <linkerLibProjectItem>
              <makeArtifact PL="../brewpi_lib"
                            CT="3"
                            CN="Release"
                            AC="false"
                            BL="true"
                            WD="../brewpi_lib"
                            BC="${MAKE}  -f makefile CONF=Release"
                            CC="${MAKE}  -f makefile CONF=Release clean"
                            OP="${CND_DISTDIR}/${CND_CONF}/${CND_PLATFORM}/libbrewpi_lib.a">
              </makeArtifact>
            </linkerLibProjectItem>
          </linkerLibItems>
        </linkerTool>
      </compileType>
      <item path="../brewpi_cpp/Main.cpp" ex="false" tool="1" flavor2="0">
      </item>
    </conf>
  </confs>
</configurationDescriptor>
